asset,lambda,m,label,t,w
SPX,0.3,0.1,g_mean,1,0.12040935833961057
SPX,0.3,0.1,g_mean,2,0.11966980247723091
SPX,0.3,0.1,g_mean,3,0.11934134292935503
SPX,0.3,0.1,g_mean,4,0.11914419758672581
SPX,0.3,0.1,g_mean,5,0.11901020495435141
SPX,0.3,0.1,g_mean,6,0.11891262850755736
SPX,0.3,0.1,g_mean,7,0.11883844486283211
SPX,0.3,0.1,g_mean,8,0.11878039511682877
SPX,0.3,0.1,g_mean,9,0.11873403959619766
SPX,0.3,0.1,g_mean,10,0.118696475201503
SPX,0.3,0.1,g_mean,11,0.11866570639856051
SPX,0.3,0.1,g_mean,12,0.11864030752061201
SPX,0.3,0.1,g_mean,13,0.11861922816999881
SPX,0.3,0.1,g_mean,14,0.11860167447560424
SPX,0.3,0.1,g_mean,15,0.11858703314995402
SPX,0.3,0.1,g_mean,16,0.11857482103199553
SPX,0.3,0.1,g_mean,17,0.11856465053751909
SPX,0.3,0.1,g_mean,18,0.11855620544965634
SPX,0.3,0.1,g_mean,19,0.11854922366755703
SPX,0.3,0.1,g_mean,20,0.11854348477986484
SPX,0.3,0.1,g_mean,21,0.11853880107187514
SPX,0.3,0.1,g_mean,22,0.1185350110302003
SPX,0.3,0.1,g_mean,23,0.11853197469418106
SPX,0.3,0.1,g_mean,24,0.11852957038634127
SPX,0.3,0.1,g_mean,25,0.11852769247476966
SPX,0.3,0.1,g_mean,26,0.11852624990250472
SPX,0.3,0.1,g_mean,27,0.11852516527735348
SPX,0.3,0.1,g_mean,28,0.11852437435887221
SPX,0.3,0.1,g_mean,29,0.11852382581288116
SPX,0.3,0.1,g_mean,30,0.11852348113130289
SPX,0.3,0.1,g_mean,31,0.11852331463858606
SPX,0.3,0.1,g_mean,32,0.11852331352707675
SPX,0.3,0.1,g_mean,33,0.11852347788347196
SPX,0.3,0.1,g_mean,34,0.1185238206876098
SPX,0.3,0.1,g_mean,35,0.11852436778373132
SPX,0.3,0.1,g_mean,36,0.11852515784325128
SPX,0.3,0.1,g_mean,37,0.1185262423572712
SPX,0.3,0.1,g_mean,38,0.11852768571696894
SPX,0.3,0.1,g_mean,39,0.11852956546127967
SPX,0.3,0.1,g_mean,40,0.11853197279500433
SPX,0.3,0.1,g_mean,41,0.11853501350819035
SPX,0.3,0.1,g_mean,42,0.1185388094615949
SPX,0.3,0.1,g_mean,43,0.11854350084665402
SPX,0.3,0.1,g_mean,44,0.11854924948694417
SPX,0.3,0.1,g_mean,45,0.11855624353028661
SPX,0.3,0.1,g_mean,46,0.11856470400065716
SPX,0.3,0.1,g_mean,47,0.1185748938603373
SPX,0.3,0.1,g_mean,48,0.11858713051350633
SPX,0.3,0.1,g_mean,49,0.11860180312590102
SPX,0.3,0.1,g_mean,50,0.11861939684975706
SPX,0.3,0.1,g_mean,51,0.11864052722789739
SPX,0.3,0.1,g_mean,52,0.11866599009722574
SPX,0.3,0.1,g_mean,53,0.11869683603904074
SPX,0.3,0.1,g_mean,54,0.11873448562693087
SPX,0.3,0.1,g_mean,55,0.11878091652732234
SPX,0.3,0.1,g_mean,56,0.11883898598226104
SPX,0.3,0.1,g_mean,57,0.11891302896088324
SPX,0.3,0.1,g_mean,58,0.11901007088007348
SPX,0.3,0.1,g_mean,59,0.11914257364503493
SPX,0.3,0.1,g_mean,60,0.11933568810285806
SPX,0.3,0.1,g_mean,61,0.1196520178980345
SPX,0.3,0.1,g_mean,62,0.12033023428281964
SPX,0.3,0.1,g_mean,63,0.1854992324529953
SPX,0.3,0.1,g_mean,64,0.18549925197613046
SPX,0.3,0.1,g_mean,65,0.18550006745619904
SPX,0.3,0.1,g_mean,66,0.19622628749122561
SPX,0.3,0.1,g_mean,67,0.19622655378960074
SPX,0.3,0.1,g_mean,68,0.19622855036303863
SPX,0.3,0.1,g_mean,69,0.19652487673299437
SPX,0.3,0.1,g_mean,70,0.19652498036570032
SPX,0.3,0.1,g_mean,71,0.12331917937404004
SPX,0.3,0.1,g_mean,72,0.12299719876618548
SPX,0.3,0.1,g_mean,73,0.12298993678297886
SPX,0.3,0.1,g_mean,74,0.12298786790022173
SPX,0.3,0.1,g_mean,75,0.1229869962670064
SPX,0.3,0.1,g_mean,76,0.12298695208595915
SPX,0.3,0.1,g_mean,77,0.12240982675421168
SPX,0.3,0.1,g_mean,78,0.12221453194219983
SPX,0.3,0.1,g_mean,79,0.12220533844282158
SPX,0.3,0.1,g_mean,80,0.1222033326774019
SPX,0.3,0.1,g_mean,81,0.12220271119410687
SPX,0.3,0.1,g_mean,82,0.12220265817204476
SPX,0.3,0.1,g_mean,83,0.12220273559308602
SPX,0.3,0.1,g_mean,84,0.12220294022407441
SPX,0.3,0.1,g_mean,85,0.12220383628224672
SPX,0.3,0.1,g_mean,86,0.12220533494438136
SPX,0.3,0.1,g_mean,87,0.2874647000564907
SPX,0.3,0.1,g_mean,88,0.2874658612336474
SPX,0.3,0.1,g_mean,89,0.287466008390462
SPX,0.3,0.1,g_mean,90,0.3015246410229064
SPX,0.3,0.1,g_mean,91,0.3015267185320299
SPX,0.3,0.1,g_mean,92,0.3015270822518173
SPX,0.3,0.1,g_mean,93,0.3015268705848067
SPX,0.3,0.1,g_mean,94,0.301525615559311
SPX,0.3,0.1,g_mean,95,0.1736476951300447
SPX,0.3,0.1,g_mean,96,0.1736453879136958
SPX,0.3,0.1,g_mean,97,0.17364514706513998
SPX,0.3,0.1,g_mean,98,0.1609703191225286
SPX,0.3,0.1,g_mean,99,0.1609689807576028
SPX,0.3,0.1,g_mean,100,0.16096891147861478
SPX,0.3,0.1,g_mean,101,0.16096974840855793
SPX,0.3,0.1,g_mean,102,0.24036610464716648
SPX,0.3,0.1,g_mean,103,0.24036670116316897
SPX,0.3,0.1,g_mean,104,0.24036601801015658
SPX,0.3,0.1,g_mean,105,0.2346699508020048
SPX,0.3,0.1,g_mean,106,0.23466923261423045
SPX,0.3,0.1,g_mean,107,0.23466978844013428
SPX,0.3,0.1,g_mean,108,0.24377245919230184
SPX,0.3,0.1,g_mean,109,0.2437731615248585
SPX,0.3,0.1,g_mean,110,0.24377265778401894
SPX,0.3,0.1,g_mean,111,0.24377317533254425
SPX,0.3,0.1,g_mean,112,0.26992149827278955
SPX,0.3,0.1,g_mean,113,0.2699222650819547
SPX,0.3,0.1,g_mean,114,0.26992211241686803
SPX,0.3,0.1,g_mean,115,0.26992475250923836
SPX,0.3,0.1,g_mean,116,0.2699249559973146
SPX,0.3,0.1,g_mean,117,0.26992426690442556
SPX,0.3,0.1,g_mean,118,0.20102292178181477
SPX,0.3,0.1,g_mean,119,0.20102137920762597
SPX,0.3,0.1,g_mean,120,0.20102103701772578
SPX,0.3,0.1,g_mean,121,0.19895819774438414
SPX,0.3,0.1,g_mean,122,0.19895602109289715
SPX,0.3,0.1,g_mean,123,0.1989558221251537
SPX,0.3,0.1,g_mean,124,0.11947975687039283
SPX,0.3,0.1,g_mean,125,0.11875899139720086
SPX,0.3,0.1,g_mean,126,0.1187489928061365
SPX,0.3,0.1,g_mean,127,0.11874636120722189
SPX,0.3,0.1,g_mean,128,0.11874526416445642
SPX,0.3,0.1,g_mean,129,0.11874477362893818
SPX,0.3,0.1,g_mean,130,0.11874501023623169
SPX,0.3,0.1,g_mean,131,0.11868457808354846
SPX,0.3,0.1,g_mean,132,0.11863945646163833
SPX,0.3,0.1,g_mean,133,0.11860650749499313
SPX,0.3,0.1,g_mean,134,0.1185827460343526
SPX,0.3,0.1,g_mean,135,0.11856601753924809
SPX,0.3,0.1,g_mean,136,0.11856285676726434
SPX,0.3,0.1,g_mean,137,0.11856187954975593
SPX,0.3,0.1,g_mean,138,0.11856116012927365
SPX,0.3,0.1,g_mean,139,0.11856064926216586
SPX,0.3,0.1,g_mean,140,0.11856064287428095
SPX,0.3,0.1,g_mean,141,0.11856113192611484
SPX,0.3,0.1,g_mean,142,0.11856287542501481
SPX,0.3,0.1,g_mean,143,0.29624490341387644
SPX,0.3,0.1,g_mean,144,0.29624615198359944
SPX,0.3,0.1,g_mean,145,0.29624635666394944
SPX,0.3,0.1,g_mean,146,0.29624598913840156
SPX,0.3,0.1,g_mean,147,0.29624856564711954
SPX,0.3,0.1,g_mean,148,0.29624899583572134
SPX,0.3,0.1,g_mean,149,0.29624882421659005
SPX,0.3,0.1,g_mean,150,0.2962476383920402
SPX,0.3,0.1,g_mean,151,0.17907333960666208
SPX,0.3,0.1,g_mean,152,0.17907075999072108
SPX,0.3,0.1,g_mean,153,0.17906994257196285
SPX,0.3,0.1,g_mean,154,0.1790696866262774
SPX,0.3,0.1,g_mean,155,0.1772719175573758
SPX,0.3,0.1,g_mean,156,0.17726659465212458
SPX,0.3,0.1,g_mean,157,0.17726577305144284
SPX,0.3,0.1,g_mean,158,0.1772657386553824
SPX,0.3,0.1,g_mean,159,0.12343541779388617
SPX,0.3,0.1,g_mean,160,0.12322204926903858
SPX,0.3,0.1,g_mean,161,0.12316809163887568
SPX,0.3,0.1,g_mean,162,0.12316578338074809
SPX,0.3,0.1,g_mean,163,0.12316524398194995
SPX,0.3,1.0,low_lambda_high_m,1,0.16469555186521725
SPX,0.3,1.0,low_lambda_high_m,2,0.16469506812713128
SPX,0.3,1.0,low_lambda_high_m,3,0.16469490067533912
SPX,0.3,1.0,low_lambda_high_m,4,0.16469481354796642
SPX,0.3,1.0,low_lambda_high_m,5,0.16469475893617935
SPX,0.3,1.0,low_lambda_high_m,6,0.16469472085159959
SPX,0.3,1.0,low_lambda_high_m,7,0.16469469242573598
SPX,0.3,1.0,low_lambda_high_m,8,0.16469467020909592
SPX,0.3,1.0,low_lambda_high_m,9,0.1646946522702589
SPX,0.3,1.0,low_lambda_high_m,10,0.1646946374366638
SPX,0.3,1.0,low_lambda_high_m,11,0.16469462495017373
SPX,0.3,1.0,low_lambda_high_m,12,0.16469461429506457
SPX,0.3,1.0,low_lambda_high_m,13,0.16469460510543873
SPX,0.3,1.0,low_lambda_high_m,14,0.1646945971123585
SPX,0.3,1.0,low_lambda_high_m,15,0.16469459011222812
SPX,0.3,1.0,low_lambda_high_m,16,0.16469458394717482
SPX,0.3,1.0,low_lambda_high_m,17,0.16469457849247782
SPX,0.3,1.0,low_lambda_high_m,18,0.16469457364824688
SPX,0.3,1.0,low_lambda_high_m,19,0.16469456933370125
SPX,0.3,1.0,low_lambda_high_m,20,0.16469456548307204
SPX,0.3,1.0,low_lambda_high_m,21,0.16469456204254748
SPX,0.3,1.0,low_lambda_high_m,22,0.16469455896792354
SPX,0.3,1.0,low_lambda_high_m,23,0.1646945562227641
SPX,0.3,1.0,low_lambda_high_m,24,0.1646945537769491
SPX,0.3,1.0,low_lambda_high_m,25,0.16469455160552443
SPX,0.3,1.0,low_lambda_high_m,26,0.16469454968779895
SPX,0.3,1.0,low_lambda_high_m,27,0.16469454800663258
SPX,0.3,1.0,low_lambda_high_m,28,0.16469454654788182
SPX,0.3,1.0,low_lambda_high_m,29,0.1646945452999662
SPX,0.3,1.0,low_lambda_high_m,30,0.16469454425353466
SPX,0.3,1.0,low_lambda_high_m,31,0.16469454340120984
SPX,0.3,1.0,low_lambda_high_m,32,0.16469454273739692
SPX,0.3,1.0,low_lambda_high_m,33,0.16469454225814767
SPX,0.3,1.0,low_lambda_high_m,34,0.1646945419610701
SPX,0.3,1.0,low_lambda_high_m,35,0.16469454184528196
SPX,0.3,1.0,low_lambda_high_m,36,0.16469454191140276
SPX,0.3,1.0,low_lambda_high_m,37,0.16469454216158708
SPX,0.3,1.0,low_lambda_high_m,38,0.16469454259959732
SPX,0.3,1.0,low_lambda_high_m,39,0.16469454323092236
SPX,0.3,1.0,low_lambda_high_m,40,0.16469454406294592
SPX,0.3,1.0,low_lambda_high_m,41,0.16469454510517414
SPX,0.3,1.0,low_lambda_high_m,42,0.16469454636953051
SPX,0.3,1.0,low_lambda_high_m,43,0.16469454787073795
SPX,0.3,1.0,low_lambda_high_m,44,0.16469454962680125
SPX,0.3,1.0,low_lambda_high_m,45,0.16469455165961883
SPX,0.3,1.0,low_lambda_high_m,46,0.16469455399575447
SPX,0.3,1.0,low_lambda_high_m,47,0.1646945566674127
SPX,0.3,1.0,low_lambda_high_m,48,0.1646945597136777
SPX,0.3,1.0,low_lambda_high_m,49,0.16469456318209863
SPX,0.3,1.0,low_lambda_high_m,50,0.16469456713074368
SPX,0.3,1.0,low_lambda_high_m,51,0.1646945716309012
SPX,0.3,1.0,low_lambda_high_m,52,0.16469457677070515
SPX,0.3,1.0,low_lambda_high_m,53,0.16469458266009485
SPX,0.3,1.0,low_lambda_high_m,54,0.16469458943774293
SPX,0.3,1.0,low_lambda_high_m,55,0.16469459728091584
SPX,0.3,1.0,low_lambda_high_m,56,0.1646946064197614
SPX,0.3,1.0,low_lambda_high_m,57,0.1646946171583945
SPX,0.3,1.0,low_lambda_high_m,58,0.16469462990666736
SPX,0.3,1.0,low_lambda_high_m,59,0.16469464522921623
SPX,0.3,1.0,low_lambda_high_m,60,0.16469466392340879
SPX,0.3,1.0,low_lambda_high_m,61,0.16469468714751187
SPX,0.3,1.0,low_lambda_high_m,62,0.1646947166398318
SPX,0.3,1.0,low_lambda_high_m,63,0.16469475510778
SPX,0.3,1.0,low_lambda_high_m,64,0.16469477063241642
SPX,0.3,1.0,low_lambda_high_m,65,0.1646947892307039
SPX,0.3,1.0,low_lambda_high_m,66,0.16469481659300925
SPX,0.3,1.0,low_lambda_high_m,67,0.1646948289074626
SPX,0.3,1.0,low_lambda_high_m,68,0.16469484324593878
SPX,0.3,1.0,low_lambda_high_m,69,0.1646948600987157
SPX,0.3,1.0,low_lambda_high_m,70,0.16469486879551096
SPX,0.3,1.0,low_lambda_high_m,71,0.16469487390921173
SPX,0.3,1.0,low_lambda_high_m,72,0.1646948795937817
SPX,0.3,1.0,low_lambda_high_m,73,0.16469488661888246
SPX,0.3,1.0,low_lambda_high_m,74,0.16469489541033766
SPX,0.3,1.0,low_lambda_high_m,75,0.16469490663618913
SPX,0.3,1.0,low_lambda_high_m,76,0.16469492140663242
SPX,0.3,1.0,low_lambda_high_m,77,0.1646949299304405
SPX,0.3,1.0,low_lambda_high_m,78,0.16469493945831226
SPX,0.3,1.0,low_lambda_high_m,79,0.16469495162115366
SPX,0.3,1.0,low_lambda_high_m,80,0.16469496762852834
SPX,0.3,1.0,low_lambda_high_m,81,0.16469498971735727
SPX,0.3,1.0,low_lambda_high_m,82,0.16469502265703648
SPX,0.3,1.0,low_lambda_high_m,83,0.16469506343638646
SPX,0.3,1.0,low_lambda_high_m,84,0.16469511493875824
SPX,0.3,1.0,low_lambda_high_m,85,0.16469522658088065
SPX,0.3,1.0,low_lambda_high_m,86,0.1646953971835644
SPX,0.3,1.0,low_lambda_high_m,87,0.17873757178387611
SPX,0.3,1.0,low_lambda_high_m,88,0.17873760905438982
SPX,0.3,1.0,low_lambda_high_m,89,0.17873762527385254
SPX,0.3,1.0,low_lambda_high_m,90,0.17873764648030277
SPX,0.3,1.0,low_lambda_high_m,91,0.17873765775760309
SPX,0.3,1.0,low_lambda_high_m,92,0.17873766471926364
SPX,0.3,1.0,low_lambda_high_m,93,0.17873766928633564
SPX,0.3,1.0,low_lambda_high_m,94,0.17873767234381244
SPX,0.3,1.0,low_lambda_high_m,95,0.17873767434555485
SPX,0.3,1.0,low_lambda_high_m,96,0.178737676677996
SPX,0.3,1.0,low_lambda_high_m,97,0.17873767963520404
SPX,0.3,1.0,low_lambda_high_m,98,0.1787376817221013
SPX,0.3,1.0,low_lambda_high_m,99,0.17873768438154147
SPX,0.3,1.0,low_lambda_high_m,100,0.1787376877250306
SPX,0.3,1.0,low_lambda_high_m,101,0.17873769191488684
SPX,0.3,1.0,low_lambda_high_m,102,0.17873769719465035
SPX,0.3,1.0,low_lambda_high_m,103,0.1787377009674515
SPX,0.3,1.0,low_lambda_high_m,104,0.17873770347676807
SPX,0.3,1.0,low_lambda_high_m,105,0.1787377050634966
SPX,0.3,1.0,low_lambda_high_m,106,0.17873770693436952
SPX,0.3,1.0,low_lambda_high_m,107,0.17873770911135356
SPX,0.3,1.0,low_lambda_high_m,108,0.1787377116249442
SPX,0.3,1.0,low_lambda_high_m,109,0.1787377132153496
SPX,0.3,1.0,low_lambda_high_m,110,0.1787377140634508
SPX,0.3,1.0,low_lambda_high_m,111,0.17873771514636272
SPX,0.3,1.0,low_lambda_high_m,112,0.17873771647612444
SPX,0.3,1.0,low_lambda_high_m,113,0.17873771710069333
SPX,0.3,1.0,low_lambda_high_m,114,0.17873771708204392
SPX,0.3,1.0,low_lambda_high_m,115,0.17873771727529
SPX,0.3,1.0,low_lambda_high_m,116,0.1787377168307609
SPX,0.3,1.0,low_lambda_high_m,117,0.17873771570696095
SPX,0.3,1.0,low_lambda_high_m,118,0.17873771379177436
SPX,0.3,1.0,low_lambda_high_m,119,0.17873771215860174
SPX,0.3,1.0,low_lambda_high_m,120,0.17873771078868278
SPX,0.3,1.0,low_lambda_high_m,121,0.17873770857231963
SPX,0.3,1.0,low_lambda_high_m,122,0.17873770666196884
SPX,0.3,1.0,low_lambda_high_m,123,0.17873770503412245
SPX,0.3,1.0,low_lambda_high_m,124,0.17873770249113002
SPX,0.3,1.0,low_lambda_high_m,125,0.1787377002834917
SPX,0.3,1.0,low_lambda_high_m,126,0.17873769857205787
SPX,0.3,1.0,low_lambda_high_m,127,0.1787376972992247
SPX,0.3,1.0,low_lambda_high_m,128,0.17873769642452259
SPX,0.3,1.0,low_lambda_high_m,129,0.1787376959214397
SPX,0.3,1.0,low_lambda_high_m,130,0.17873769577524543
SPX,0.3,1.0,low_lambda_high_m,131,0.17873769510360746
SPX,0.3,1.0,low_lambda_high_m,132,0.17873769465172373
SPX,0.3,1.0,low_lambda_high_m,133,0.17873769441511947
SPX,0.3,1.0,low_lambda_high_m,134,0.17873769439135287
SPX,0.3,1.0,low_lambda_high_m,135,0.17873769458008673
SPX,0.3,1.0,low_lambda_high_m,136,0.17873769512653767
SPX,0.3,1.0,low_lambda_high_m,137,0.17873769604636172
SPX,0.3,1.0,low_lambda_high_m,138,0.1787376972033053
SPX,0.3,1.0,low_lambda_high_m,139,0.17873769860997377
SPX,0.3,1.0,low_lambda_high_m,140,0.17873770046916088
SPX,0.3,1.0,low_lambda_high_m,141,0.17873770284490276
SPX,0.3,1.0,low_lambda_high_m,142,0.17873770582805215
SPX,0.3,1.0,low_lambda_high_m,143,0.1787377095493808
SPX,0.3,1.0,low_lambda_high_m,144,0.17873771204005542
SPX,0.3,1.0,low_lambda_high_m,145,0.17873771362479052
SPX,0.3,1.0,low_lambda_high_m,146,0.17873771447557138
SPX,0.3,1.0,low_lambda_high_m,147,0.17873771555904155
SPX,0.3,1.0,low_lambda_high_m,148,0.17873771597116497
SPX,0.3,1.0,low_lambda_high_m,149,0.17873771575073572
SPX,0.3,1.0,low_lambda_high_m,150,0.17873771487767245
SPX,0.3,1.0,low_lambda_high_m,151,0.17873771326801893
SPX,0.3,1.0,low_lambda_high_m,152,0.17873771191832832
SPX,0.3,1.0,low_lambda_high_m,153,0.17873771081378803
SPX,0.3,1.0,low_lambda_high_m,154,0.1787377099423294
SPX,0.3,1.0,low_lambda_high_m,155,0.17873770833553432
SPX,0.3,1.0,low_lambda_high_m,156,0.17873770698903296
SPX,0.3,1.0,low_lambda_high_m,157,0.1787377058878168
SPX,0.3,1.0,low_lambda_high_m,158,0.1787377050198688
SPX,0.3,1.0,low_lambda_high_m,159,0.1787377034176239
SPX,0.3,1.0,low_lambda_high_m,160,0.17873770207585313
SPX,0.3,1.0,low_lambda_high_m,161,0.17873770097953073
SPX,0.3,1.0,low_lambda_high_m,162,0.1787377002657532
SPX,0.3,1.0,low_lambda_high_m,163,0.17873769991382993
SPX,1.8,0.1,high_lambda_low_m,1,0.8625717746330369
SPX,1.8,0.1,high_lambda_low_m,2,0.8626637980466478
SPX,1.8,0.1,high_lambda_low_m,3,0.8627088317323125
SPX,1.8,0.1,high_lambda_low_m,4,0.862738728902575
SPX,1.8,0.1,high_lambda_low_m,5,0.8627612337084237
SPX,1.8,0.1,high_lambda_low_m,6,0.8627793936982563
SPX,1.8,0.1,high_lambda_low_m,7,0.8627947159746939
SPX,1.8,0.1,high_lambda_low_m,8,0.8628080428618066
SPX,1.8,0.1,high_lambda_low_m,9,0.8628198889442353
SPX,1.8,0.1,high_lambda_low_m,10,0.8628305917181232
SPX,1.8,0.1,high_lambda_low_m,11,0.8628403851249897
SPX,1.8,0.1,high_lambda_low_m,12,0.8628494384349357
SPX,1.8,0.1,high_lambda_low_m,13,0.8628578783820174
SPX,1.8,0.1,high_lambda_low_m,14,0.8628658025674402
SPX,1.8,0.1,high_lambda_low_m,15,0.8628732879835196
SPX,1.8,0.1,high_lambda_low_m,16,0.8628803966526926
SPX,1.8,0.1,high_lambda_low_m,17,0.8628871794826107
SPX,1.8,0.1,high_lambda_low_m,18,0.8628936789766701
SPX,1.8,0.1,high_lambda_low_m,19,0.86289993118618
SPX,1.8,0.1,high_lambda_low_m,20,0.8629059671454541
SPX,1.8,0.1,high_lambda_low_m,21,0.8629118139454475
SPX,1.8,0.1,high_lambda_low_m,22,0.8629174955494576
SPX,1.8,0.1,high_lambda_low_m,23,0.8629230334217912
SPX,1.8,0.1,high_lambda_low_m,24,0.8629284470192226
SPX,1.8,0.1,high_lambda_low_m,25,0.862933754181013
SPX,1.8,0.1,high_lambda_low_m,26,0.8629389714435985
SPX,1.8,0.1,high_lambda_low_m,27,0.8629441142992509
SPX,1.8,0.1,high_lambda_low_m,28,0.8629491974131537
SPX,1.8,0.1,high_lambda_low_m,29,0.8629542348098163
SPX,1.8,0.1,high_lambda_low_m,30,0.8629592400372141
SPX,1.8,0.1,high_lambda_low_m,31,0.8629642263152355
SPX,1.8,0.1,high_lambda_low_m,32,0.8629692066737555
SPX,1.8,0.1,high_lambda_low_m,33,0.8629741940848396
SPX,1.8,0.1,high_lambda_low_m,34,0.8629792015931093
SPX,1.8,0.1,high_lambda_low_m,35,0.8629842424481584
SPX,1.8,0.1,high_lambda_low_m,36,0.8629893302430499
SPX,1.8,0.1,high_lambda_low_m,37,0.86299447906339
SPX,1.8,0.1,high_lambda_low_m,38,0.8629997036522954
SPX,1.8,0.1,high_lambda_low_m,39,0.8630050195978226
SPX,1.8,0.1,high_lambda_low_m,40,0.8630104435512307
SPX,1.8,0.1,high_lambda_low_m,41,0.8630159934869777
SPX,1.8,0.1,high_lambda_low_m,42,0.8630216890188263
SPX,1.8,0.1,high_lambda_low_m,43,0.863027551791238
SPX,1.8,0.1,high_lambda_low_m,44,0.8630336059718726
SPX,1.8,0.1,high_lambda_low_m,45,0.8630398788803657
SPX,1.8,0.1,high_lambda_low_m,46,0.8630464018020033
SPX,1.8,0.1,high_lambda_low_m,47,0.8630532110549015
SPX,1.8,0.1,high_lambda_low_m,48,0.8630603494100328
SPX,1.8,0.1,high_lambda_low_m,49,0.8630678680125079
SPX,1.8,0.1,high_lambda_low_m,50,0.8630758290335904
SPX,1.8,0.1,high_lambda_low_m,51,0.863084309421275
SPX,1.8,0.1,high_lambda_low_m,52,0.8630934063609578
SPX,1.8,0.1,high_lambda_low_m,53,0.8631032455025213
SPX,1.8,0.1,high_lambda_low_m,54,0.8631139938584095
SPX,1.8,0.1,high_lambda_low_m,55,0.8631258809856526
SPX,1.8,0.1,high_lambda_low_m,56,0.8631392357330545
SPX,1.8,0.1,high_lambda_low_m,57,0.8631545542934121
SPX,1.8,0.1,high_lambda_low_m,58,0.8631726364909498
SPX,1.8,0.1,high_lambda_low_m,59,0.8631948869552303
SPX,1.8,0.1,high_lambda_low_m,60,0.8632240853477523
SPX,1.8,0.1,high_lambda_low_m,61,0.8632669576852638
SPX,1.8,0.1,high_lambda_low_m,62,0.8633487997689531
SPX,1.8,0.1,high_lambda_low_m,63,0.8774640056977349
SPX,1.8,0.1,high_lambda_low_m,64,0.8774639970747484
SPX,1.8,0.1,high_lambda_low_m,65,0.8774640197996739
SPX,1.8,0.1,high_lambda_low_m,66,0.8794474814877474
SPX,1.8,0.1,high_lambda_low_m,67,0.8794474768722569
SPX,1.8,0.1,high_lambda_low_m,68,0.8794475139588915
SPX,1.8,0.1,high_lambda_low_m,69,0.8818569480419401
SPX,1.8,0.1,high_lambda_low_m,70,0.8818569480565819
SPX,1.8,0.1,high_lambda_low_m,71,0.8651763275011501
SPX,1.8,0.1,high_lambda_low_m,72,0.8651755547282957
SPX,1.8,0.1,high_lambda_low_m,73,0.8651754694161321
SPX,1.8,0.1,high_lambda_low_m,74,0.8651754395220369
SPX,1.8,0.1,high_lambda_low_m,75,0.8651754314374962
SPX,1.8,0.1,high_lambda_low_m,76,0.8651754396375702
SPX,1.8,0.1,high_lambda_low_m,77,0.8651741224005433
SPX,1.8,0.1,high_lambda_low_m,78,0.8651737601536325
SPX,1.8,0.1,high_lambda_low_m,79,0.8651736988614065
SPX,1.8,0.1,high_lambda_low_m,80,0.8651736779755423
SPX,1.8,0.1,high_lambda_low_m,81,0.865173675889542
SPX,1.8,0.1,high_lambda_low_m,82,0.8651736909603208
SPX,1.8,0.1,high_lambda_low_m,83,0.8651737119069599
SPX,1.8,0.1,high_lambda_low_m,84,0.8651737398889847
SPX,1.8,0.1,high_lambda_low_m,85,0.8651738191493975
SPX,1.8,0.1,high_lambda_low_m,86,0.8651739305701086
SPX,1.8,0.1,high_lambda_low_m,87,0.8959905991037933
SPX,1.8,0.1,high_lambda_low_m,88,0.8959906359797082
SPX,1.8,0.1,high_lambda_low_m,89,0.8959906312157914
SPX,1.8,0.1,high_lambda_low_m,90,0.9003006749488357
SPX,1.8,0.1,high_lambda_low_m,91,0.9003007377493857
SPX,1.8,0.1,high_lambda_low_m,92,0.9003007501653031
SPX,1.8,0.1,high_lambda_low_m,93,0.9003007377576755
SPX,1.8,0.1,high_lambda_low_m,94,0.9003006750010759
SPX,1.8,0.1,high_lambda_low_m,95,0.8724666516580324
SPX,1.8,0.1,high_lambda_low_m,96,0.8724665534050446
SPX,1.8,0.1,high_lambda_low_m,97,0.8724665405220491
SPX,1.8,0.1,high_lambda_low_m,98,0.8722375228380321
SPX,1.8,0.1,high_lambda_low_m,99,0.8722374748202377
SPX,1.8,0.1,high_lambda_low_m,100,0.8722374740159355
SPX,1.8,0.1,high_lambda_low_m,101,0.8722375158974586
SPX,1.8,0.1,high_lambda_low_m,102,0.8869604555914526
SPX,1.8,0.1,high_lambda_low_m,103,0.8869605390224681
SPX,1.8,0.1,high_lambda_low_m,104,0.8869605288813417
SPX,1.8,0.1,high_lambda_low_m,105,0.8833438378262077
SPX,1.8,0.1,high_lambda_low_m,106,0.8833438149414178
SPX,1.8,0.1,high_lambda_low_m,107,0.8833438378165376
SPX,1.8,0.1,high_lambda_low_m,108,0.8877113090429581
SPX,1.8,0.1,high_lambda_low_m,109,0.8877113208104696
SPX,1.8,0.1,high_lambda_low_m,110,0.8877112530366902
SPX,1.8,0.1,high_lambda_low_m,111,0.8877112648014673
SPX,1.8,0.1,high_lambda_low_m,112,0.8940487938529449
SPX,1.8,0.1,high_lambda_low_m,113,0.8940488230442385
SPX,1.8,0.1,high_lambda_low_m,114,0.894048810177138
SPX,1.8,0.1,high_lambda_low_m,115,0.8940489861096204
SPX,1.8,0.1,high_lambda_low_m,116,0.894048998994445
SPX,1.8,0.1,high_lambda_low_m,117,0.8940489698188532
SPX,1.8,0.1,high_lambda_low_m,118,0.8795257770391567
SPX,1.8,0.1,high_lambda_low_m,119,0.8795257387594932
SPX,1.8,0.1,high_lambda_low_m,120,0.8795257425092149
SPX,1.8,0.1,high_lambda_low_m,121,0.8793691813172229
SPX,1.8,0.1,high_lambda_low_m,122,0.8793691412627562
SPX,1.8,0.1,high_lambda_low_m,123,0.8793691454621138
SPX,1.8,0.1,high_lambda_low_m,124,0.864508797615848
SPX,1.8,0.1,high_lambda_low_m,125,0.8645071201884696
SPX,1.8,0.1,high_lambda_low_m,126,0.8645070159443744
SPX,1.8,0.1,high_lambda_low_m,127,0.8645069783208795
SPX,1.8,0.1,high_lambda_low_m,128,0.8645069647773876
SPX,1.8,0.1,high_lambda_low_m,129,0.8645069666834235
SPX,1.8,0.1,high_lambda_low_m,130,0.8645069850647679
SPX,1.8,0.1,high_lambda_low_m,131,0.8645067881734686
SPX,1.8,0.1,high_lambda_low_m,132,0.8645066497662612
SPX,1.8,0.1,high_lambda_low_m,133,0.8645065466702334
SPX,1.8,0.1,high_lambda_low_m,134,0.8645064668131309
SPX,1.8,0.1,high_lambda_low_m,135,0.8645064033077989
SPX,1.8,0.1,high_lambda_low_m,136,0.8645063791415669
SPX,1.8,0.1,high_lambda_low_m,137,0.8645063733876486
SPX,1.8,0.1,high_lambda_low_m,138,0.8645063707335922
SPX,1.8,0.1,high_lambda_low_m,139,0.8645063711149118
SPX,1.8,0.1,high_lambda_low_m,140,0.8645063875123586
SPX,1.8,0.1,high_lambda_low_m,141,0.8645064308755793
SPX,1.8,0.1,high_lambda_low_m,142,0.8645065558518282
SPX,1.8,0.1,high_lambda_low_m,143,0.8986823949558745
SPX,1.8,0.1,high_lambda_low_m,144,0.8986824460716212
SPX,1.8,0.1,high_lambda_low_m,145,0.8986824517177089
SPX,1.8,0.1,high_lambda_low_m,146,0.8986824265439485
SPX,1.8,0.1,high_lambda_low_m,147,0.8986826031263315
SPX,1.8,0.1,high_lambda_low_m,148,0.8986826283289747
SPX,1.8,0.1,high_lambda_low_m,149,0.8986826226968896
SPX,1.8,0.1,high_lambda_low_m,150,0.8986825715978547
SPX,1.8,0.1,high_lambda_low_m,151,0.8753908035526445
SPX,1.8,0.1,high_lambda_low_m,152,0.8753907395989247
SPX,1.8,0.1,high_lambda_low_m,153,0.875390726682609
SPX,1.8,0.1,high_lambda_low_m,154,0.8753907387412431
SPX,1.8,0.1,high_lambda_low_m,155,0.8752521162578422
SPX,1.8,0.1,high_lambda_low_m,156,0.8752520438544295
SPX,1.8,0.1,high_lambda_low_m,157,0.8752520309385248
SPX,1.8,0.1,high_lambda_low_m,158,0.8752520437847586
SPX,1.8,0.1,high_lambda_low_m,159,0.8654687349096217
SPX,1.8,0.1,high_lambda_low_m,160,0.8654682635225305
SPX,1.8,0.1,high_lambda_low_m,161,0.8654680516644254
SPX,1.8,0.1,high_lambda_low_m,162,0.8654679984087329
SPX,1.8,0.1,high_lambda_low_m,163,0.8654679801590289
SPX,1.8,1.0,high_lambda_high_m,1,0.8619286509073137
SPX,1.8,1.0,high_lambda_high_m,2,0.8621097918039017
SPX,1.8,1.0,high_lambda_high_m,3,0.8622088484007603
SPX,1.8,1.0,high_lambda_high_m,4,0.8622795135410354
SPX,1.8,1.0,high_lambda_high_m,5,0.862335579687504
SPX,1.8,1.0,high_lambda_high_m,6,0.8623826920268193
SPX,1.8,1.0,high_lambda_high_m,7,0.8624237303376779
SPX,1.8,1.0,high_lambda_high_m,8,0.8624603701679467
SPX,1.8,1.0,high_lambda_high_m,9,0.8624936762600166
SPX,1.8,1.0,high_lambda_high_m,10,0.862524369585115
SPX,1.8,1.0,high_lambda_high_m,11,0.862552962415352
SPX,1.8,1.0,high_lambda_high_m,12,0.8625798328014351
SPX,1.8,1.0,high_lambda_high_m,13,0.8626052684593454
SPX,1.8,1.0,high_lambda_high_m,14,0.8626294940349367
SPX,1.8,1.0,high_lambda_high_m,15,0.8626526887899231
SPX,1.8,1.0,high_lambda_high_m,16,0.8626749984957096
SPX,1.8,1.0,high_lambda_high_m,17,0.8626965436808476
SPX,1.8,1.0,high_lambda_high_m,18,0.8627174255032397
SPX,1.8,1.0,high_lambda_high_m,19,0.862737730029167
SPX,1.8,1.0,high_lambda_high_m,20,0.862757531416362
SPX,1.8,1.0,high_lambda_high_m,21,0.8627768943264571
SPX,1.8,1.0,high_lambda_high_m,22,0.8627958757851502
SPX,1.8,1.0,high_lambda_high_m,23,0.8628145266399887
SPX,1.8,1.0,high_lambda_high_m,24,0.8628328927208532
SPX,1.8,1.0,high_lambda_high_m,25,0.8628510157782269
SPX,1.8,1.0,high_lambda_high_m,26,0.8628689342539186
SPX,1.8,1.0,high_lambda_high_m,27,0.8628866839247714
SPX,1.8,1.0,high_lambda_high_m,28,0.862904298449994
SPX,1.8,1.0,high_lambda_high_m,29,0.8629218098457601
SPX,1.8,1.0,high_lambda_high_m,30,0.8629392489057732
SPX,1.8,1.0,high_lambda_high_m,31,0.8629566455830051
SPX,1.8,1.0,high_lambda_high_m,32,0.8629740293454274
SPX,1.8,1.0,high_lambda_high_m,33,0.8629914295170025
SPX,1.8,1.0,high_lambda_high_m,34,0.863008875614344
SPX,1.8,1.0,high_lambda_high_m,35,0.8630263976892021
SPX,1.8,1.0,high_lambda_high_m,36,0.863044026687267
SPX,1.8,1.0,high_lambda_high_m,37,0.8630617948347338
SPX,1.8,1.0,high_lambda_high_m,38,0.8630797360657262
SPX,1.8,1.0,high_lambda_high_m,39,0.8630978865062064
SPX,1.8,1.0,high_lambda_high_m,40,0.863116285033654
SPX,1.8,1.0,high_lambda_high_m,41,0.8631349739369768
SPX,1.8,1.0,high_lambda_high_m,42,0.863153999708427
SPX,1.8,1.0,high_lambda_high_m,43,0.8631734140096274
SPX,1.8,1.0,high_lambda_high_m,44,0.8631932748685789
SPX,1.8,1.0,high_lambda_high_m,45,0.8632136481858522
SPX,1.8,1.0,high_lambda_high_m,46,0.8632346096595316
SPX,1.8,1.0,high_lambda_high_m,47,0.8632562472853923
SPX,1.8,1.0,high_lambda_high_m,48,0.8632786646605359
SPX,1.8,1.0,high_lambda_high_m,49,0.8633019854310282
SPX,1.8,1.0,high_lambda_high_m,50,0.8633263594048503
SPX,1.8,1.0,high_lambda_high_m,51,0.8633519711515152
SPX,1.8,1.0,high_lambda_high_m,52,0.8633790524257857
SPX,1.8,1.0,high_lambda_high_m,53,0.8634079006778322
SPX,1.8,1.0,high_lambda_high_m,54,0.8634389076514675
SPX,1.8,1.0,high_lambda_high_m,55,0.8634726055350845
SPX,1.8,1.0,high_lambda_high_m,56,0.8635097455176175
SPX,1.8,1.0,high_lambda_high_m,57,0.86355144076602
SPX,1.8,1.0,high_lambda_high_m,58,0.8635994502932693
SPX,1.8,1.0,high_lambda_high_m,59,0.8636568131132952
SPX,1.8,1.0,high_lambda_high_m,60,0.8637295284241261
SPX,1.8,1.0,high_lambda_high_m,61,0.8638324063683464
SPX,1.8,1.0,high_lambda_high_m,62,0.8640239106417416
SPX,1.8,1.0,high_lambda_high_m,63,0.8698821436660975
SPX,1.8,1.0,high_lambda_high_m,64,0.8698823323349006
SPX,1.8,1.0,high_lambda_high_m,65,0.8698825855234232
SPX,1.8,1.0,high_lambda_high_m,66,0.8698830994649437
SPX,1.8,1.0,high_lambda_high_m,67,0.8698832216212996
SPX,1.8,1.0,high_lambda_high_m,68,0.8698833677362421
SPX,1.8,1.0,high_lambda_high_m,69,0.8698835459745493
SPX,1.8,1.0,high_lambda_high_m,70,0.8698836210620166
SPX,1.8,1.0,high_lambda_high_m,71,0.8698836621246274
SPX,1.8,1.0,high_lambda_high_m,72,0.8698837073478594
SPX,1.8,1.0,high_lambda_high_m,73,0.8698837616196049
SPX,1.8,1.0,high_lambda_high_m,74,0.869883827550874
SPX,1.8,1.0,high_lambda_high_m,75,0.8698839089942376
SPX,1.8,1.0,high_lambda_high_m,76,0.8698840119703866
SPX,1.8,1.0,high_lambda_high_m,77,0.8698840765678859
SPX,1.8,1.0,high_lambda_high_m,78,0.8698841484033298
SPX,1.8,1.0,high_lambda_high_m,79,0.8698842373450383
SPX,1.8,1.0,high_lambda_high_m,80,0.8698843502726571
SPX,1.8,1.0,high_lambda_high_m,81,0.8698844990827675
SPX,1.8,1.0,high_lambda_high_m,82,0.8698847071206013
SPX,1.8,1.0,high_lambda_high_m,83,0.8698849619774018
SPX,1.8,1.0,high_lambda_high_m,84,0.8698852830534312
SPX,1.8,1.0,high_lambda_high_m,85,0.8698859021496714
SPX,1.8,1.0,high_lambda_high_m,86,0.8698869024494801
SPX,1.8,1.0,high_lambda_high_m,87,0.876194634780497
SPX,1.8,1.0,high_lambda_high_m,88,0.8761948628617896
SPX,1.8,1.0,high_lambda_high_m,89,0.8761949600130231
SPX,1.8,1.0,high_lambda_high_m,90,0.8761950877601243
SPX,1.8,1.0,high_lambda_high_m,91,0.8761951547061646
SPX,1.8,1.0,high_lambda_high_m,92,0.8761951952383202
SPX,1.8,1.0,high_lambda_high_m,93,0.8761952212053882
SPX,1.8,1.0,high_lambda_high_m,94,0.8761952378683874
SPX,1.8,1.0,high_lambda_high_m,95,0.8761952478169626
SPX,1.8,1.0,high_lambda_high_m,96,0.8761952600393002
SPX,1.8,1.0,high_lambda_high_m,97,0.8761952759568652
SPX,1.8,1.0,high_lambda_high_m,98,0.8761952878691339
SPX,1.8,1.0,high_lambda_high_m,99,0.8761953034203201
SPX,1.8,1.0,high_lambda_high_m,100,0.8761953232526936
SPX,1.8,1.0,high_lambda_high_m,101,0.8761953482879261
SPX,1.8,1.0,high_lambda_high_m,102,0.876195379863927
SPX,1.8,1.0,high_lambda_high_m,103,0.876195404307754
SPX,1.8,1.0,high_lambda_high_m,104,0.8761954198767564
SPX,1.8,1.0,high_lambda_high_m,105,0.8761954289467079
SPX,1.8,1.0,high_lambda_high_m,106,0.876195440178049
SPX,1.8,1.0,high_lambda_high_m,107,0.8761954537600973
SPX,1.8,1.0,high_lambda_high_m,108,0.876195469935775
SPX,1.8,1.0,high_lambda_high_m,109,0.87619547946771
SPX,1.8,1.0,high_lambda_high_m,110,0.8761954835963294
SPX,1.8,1.0,high_lambda_high_m,111,0.8761954895725792
SPX,1.8,1.0,high_lambda_high_m,112,0.876195497485505
SPX,1.8,1.0,high_lambda_high_m,113,0.8761955001958447
SPX,1.8,1.0,high_lambda_high_m,114,0.8761954980181577
SPX,1.8,1.0,high_lambda_high_m,115,0.8761954975893645
SPX,1.8,1.0,high_lambda_high_m,116,0.8761954921788937
SPX,1.8,1.0,high_lambda_high_m,117,0.876195481140836
SPX,1.8,1.0,high_lambda_high_m,118,0.8761954629878601
SPX,1.8,1.0,high_lambda_high_m,119,0.8761954476369411
SPX,1.8,1.0,high_lambda_high_m,120,0.8761954347996679
SPX,1.8,1.0,high_lambda_high_m,121,0.8761954142186196
SPX,1.8,1.0,high_lambda_high_m,122,0.8761953967332182
SPX,1.8,1.0,high_lambda_high_m,123,0.8761953819919602
SPX,1.8,1.0,high_lambda_high_m,124,0.8761953587603987
SPX,1.8,1.0,high_lambda_high_m,125,0.8761953389760777
SPX,1.8,1.0,high_lambda_high_m,126,0.8761953234537477
SPX,1.8,1.0,high_lambda_high_m,127,0.8761953115566089
SPX,1.8,1.0,high_lambda_high_m,128,0.8761953028414641
SPX,1.8,1.0,high_lambda_high_m,129,0.8761952970073257
SPX,1.8,1.0,high_lambda_high_m,130,0.8761952938635211
SPX,1.8,1.0,high_lambda_high_m,131,0.8761952877710377
SPX,1.8,1.0,high_lambda_high_m,132,0.8761952835629148
SPX,1.8,1.0,high_lambda_high_m,133,0.8761952811756186
SPX,1.8,1.0,high_lambda_high_m,134,0.8761952805737446
SPX,1.8,1.0,high_lambda_high_m,135,0.876195281748477
SPX,1.8,1.0,high_lambda_high_m,136,0.8761952855328952
SPX,1.8,1.0,high_lambda_high_m,137,0.8761952920475636
SPX,1.8,1.0,high_lambda_high_m,138,0.8761953005672656
SPX,1.8,1.0,high_lambda_high_m,139,0.8761953112305418
SPX,1.8,1.0,high_lambda_high_m,140,0.8761953253362663
SPX,1.8,1.0,high_lambda_high_m,141,0.8761953434420587
SPX,1.8,1.0,high_lambda_high_m,142,0.8761953663465875
SPX,1.8,1.0,high_lambda_high_m,143,0.8761953952016719
SPX,1.8,1.0,high_lambda_high_m,144,0.8761954137713377
SPX,1.8,1.0,high_lambda_high_m,145,0.8761954251345963
SPX,1.8,1.0,high_lambda_high_m,146,0.8761954308293153
SPX,1.8,1.0,high_lambda_high_m,147,0.8761954384561662
SPX,1.8,1.0,high_lambda_high_m,148,0.8761954409246966
SPX,1.8,1.0,high_lambda_high_m,149,0.8761954385186345
SPX,1.8,1.0,high_lambda_high_m,150,0.876195430961927
SPX,1.8,1.0,high_lambda_high_m,151,0.876195417319857
SPX,1.8,1.0,high_lambda_high_m,152,0.8761954060389799
SPX,1.8,1.0,high_lambda_high_m,153,0.8761953969276485
SPX,1.8,1.0,high_lambda_high_m,154,0.8761953898386166
SPX,1.8,1.0,high_lambda_high_m,155,0.8761953767861211
SPX,1.8,1.0,high_lambda_high_m,156,0.8761953660515153
SPX,1.8,1.0,high_lambda_high_m,157,0.8761953574535918
SPX,1.8,1.0,high_lambda_high_m,158,0.8761953508539903
SPX,1.8,1.0,high_lambda_high_m,159,0.876195338411182
SPX,1.8,1.0,high_lambda_high_m,160,0.8761953282425535
SPX,1.8,1.0,high_lambda_high_m,161,0.8761953201776104
SPX,1.8,1.0,high_lambda_high_m,162,0.8761953149407664
SPX,1.8,1.0,high_lambda_high_m,163,0.876195312362763
CMC200,0.3,0.1,g_mean,1,0.8795906416603894
CMC200,0.3,0.1,g_mean,2,0.880330197522769
CMC200,0.3,0.1,g_mean,3,0.8806586570706451
CMC200,0.3,0.1,g_mean,4,0.8808558024132741
CMC200,0.3,0.1,g_mean,5,0.8809897950456486
CMC200,0.3,0.1,g_mean,6,0.8810873714924427
CMC200,0.3,0.1,g_mean,7,0.8811615551371679
CMC200,0.3,0.1,g_mean,8,0.8812196048831713
CMC200,0.3,0.1,g_mean,9,0.8812659604038023
CMC200,0.3,0.1,g_mean,10,0.8813035247984969
CMC200,0.3,0.1,g_mean,11,0.8813342936014396
CMC200,0.3,0.1,g_mean,12,0.881359692479388
CMC200,0.3,0.1,g_mean,13,0.8813807718300012
CMC200,0.3,0.1,g_mean,14,0.8813983255243959
CMC200,0.3,0.1,g_mean,15,0.8814129668500459
CMC200,0.3,0.1,g_mean,16,0.8814251789680044
CMC200,0.3,0.1,g_mean,17,0.8814353494624809
CMC200,0.3,0.1,g_mean,18,0.8814437945503437
CMC200,0.3,0.1,g_mean,19,0.881450776332443
CMC200,0.3,0.1,g_mean,20,0.8814565152201351
CMC200,0.3,0.1,g_mean,21,0.8814611989281249
CMC200,0.3,0.1,g_mean,22,0.8814649889697997
CMC200,0.3,0.1,g_mean,23,0.881468025305819
CMC200,0.3,0.1,g_mean,24,0.8814704296136587
CMC200,0.3,0.1,g_mean,25,0.8814723075252304
CMC200,0.3,0.1,g_mean,26,0.8814737500974953
CMC200,0.3,0.1,g_mean,27,0.8814748347226464
CMC200,0.3,0.1,g_mean,28,0.8814756256411278
CMC200,0.3,0.1,g_mean,29,0.8814761741871189
CMC200,0.3,0.1,g_mean,30,0.8814765188686972
CMC200,0.3,0.1,g_mean,31,0.881476685361414
CMC200,0.3,0.1,g_mean,32,0.8814766864729233
CMC200,0.3,0.1,g_mean,33,0.881476522116528
CMC200,0.3,0.1,g_mean,34,0.8814761793123903
CMC200,0.3,0.1,g_mean,35,0.8814756322162688
CMC200,0.3,0.1,g_mean,36,0.8814748421567488
CMC200,0.3,0.1,g_mean,37,0.8814737576427287
CMC200,0.3,0.1,g_mean,38,0.8814723142830311
CMC200,0.3,0.1,g_mean,39,0.8814704345387204
CMC200,0.3,0.1,g_mean,40,0.8814680272049956
CMC200,0.3,0.1,g_mean,41,0.8814649864918096
CMC200,0.3,0.1,g_mean,42,0.8814611905384051
CMC200,0.3,0.1,g_mean,43,0.881456499153346
CMC200,0.3,0.1,g_mean,44,0.8814507505130558
CMC200,0.3,0.1,g_mean,45,0.8814437564697134
CMC200,0.3,0.1,g_mean,46,0.8814352959993429
CMC200,0.3,0.1,g_mean,47,0.8814251061396626
CMC200,0.3,0.1,g_mean,48,0.8814128694864938
CMC200,0.3,0.1,g_mean,49,0.881398196874099
CMC200,0.3,0.1,g_mean,50,0.8813806031502429
CMC200,0.3,0.1,g_mean,51,0.8813594727721027
CMC200,0.3,0.1,g_mean,52,0.8813340099027743
CMC200,0.3,0.1,g_mean,53,0.8813031639609593
CMC200,0.3,0.1,g_mean,54,0.8812655143730692
CMC200,0.3,0.1,g_mean,55,0.8812190834726777
CMC200,0.3,0.1,g_mean,56,0.881161014017739
CMC200,0.3,0.1,g_mean,57,0.8810869710391168
CMC200,0.3,0.1,g_mean,58,0.8809899291199266
CMC200,0.3,0.1,g_mean,59,0.8808574263549651
CMC200,0.3,0.1,g_mean,60,0.8806643118971419
CMC200,0.3,0.1,g_mean,61,0.8803479821019654
CMC200,0.3,0.1,g_mean,62,0.8796697657171804
CMC200,0.3,0.1,g_mean,63,0.8145007675470046
CMC200,0.3,0.1,g_mean,64,0.8145007480238695
CMC200,0.3,0.1,g_mean,65,0.8144999325438009
CMC200,0.3,0.1,g_mean,66,0.8037737125087743
CMC200,0.3,0.1,g_mean,67,0.8037734462103993
CMC200,0.3,0.1,g_mean,68,0.8037714496369613
CMC200,0.3,0.1,g_mean,69,0.8034751232670057
CMC200,0.3,0.1,g_mean,70,0.8034750196342998
CMC200,0.3,0.1,g_mean,71,0.87668082062596
CMC200,0.3,0.1,g_mean,72,0.8770028012338145
CMC200,0.3,0.1,g_mean,73,0.877010063217021
CMC200,0.3,0.1,g_mean,74,0.8770121320997782
CMC200,0.3,0.1,g_mean,75,0.8770130037329936
CMC200,0.3,0.1,g_mean,76,0.8770130479140409
CMC200,0.3,0.1,g_mean,77,0.8775901732457884
CMC200,0.3,0.1,g_mean,78,0.8777854680578002
CMC200,0.3,0.1,g_mean,79,0.8777946615571784
CMC200,0.3,0.1,g_mean,80,0.8777966673225982
CMC200,0.3,0.1,g_mean,81,0.8777972888058932
CMC200,0.3,0.1,g_mean,82,0.8777973418279552
CMC200,0.3,0.1,g_mean,83,0.8777972644069141
CMC200,0.3,0.1,g_mean,84,0.8777970597759256
CMC200,0.3,0.1,g_mean,85,0.8777961637177533
CMC200,0.3,0.1,g_mean,86,0.8777946650556185
CMC200,0.3,0.1,g_mean,87,0.7125352999435094
CMC200,0.3,0.1,g_mean,88,0.7125341387663525
CMC200,0.3,0.1,g_mean,89,0.712533991609538
CMC200,0.3,0.1,g_mean,90,0.6984753589770936
CMC200,0.3,0.1,g_mean,91,0.69847328146797
CMC200,0.3,0.1,g_mean,92,0.6984729177481827
CMC200,0.3,0.1,g_mean,93,0.6984731294151934
CMC200,0.3,0.1,g_mean,94,0.698474384440689
CMC200,0.3,0.1,g_mean,95,0.8263523048699553
CMC200,0.3,0.1,g_mean,96,0.8263546120863042
CMC200,0.3,0.1,g_mean,97,0.8263548529348601
CMC200,0.3,0.1,g_mean,98,0.8390296808774714
CMC200,0.3,0.1,g_mean,99,0.8390310192423971
CMC200,0.3,0.1,g_mean,100,0.8390310885213853
CMC200,0.3,0.1,g_mean,101,0.8390302515914421
CMC200,0.3,0.1,g_mean,102,0.7596338953528335
CMC200,0.3,0.1,g_mean,103,0.7596332988368311
CMC200,0.3,0.1,g_mean,104,0.7596339819898434
CMC200,0.3,0.1,g_mean,105,0.7653300491979952
CMC200,0.3,0.1,g_mean,106,0.7653307673857697
CMC200,0.3,0.1,g_mean,107,0.7653302115598658
CMC200,0.3,0.1,g_mean,108,0.7562275408076982
CMC200,0.3,0.1,g_mean,109,0.7562268384751415
CMC200,0.3,0.1,g_mean,110,0.7562273422159811
CMC200,0.3,0.1,g_mean,111,0.7562268246674558
CMC200,0.3,0.1,g_mean,112,0.7300785017272104
CMC200,0.3,0.1,g_mean,113,0.7300777349180452
CMC200,0.3,0.1,g_mean,114,0.7300778875831319
CMC200,0.3,0.1,g_mean,115,0.7300752474907617
CMC200,0.3,0.1,g_mean,116,0.7300750440026854
CMC200,0.3,0.1,g_mean,117,0.7300757330955744
CMC200,0.3,0.1,g_mean,118,0.7989770782181852
CMC200,0.3,0.1,g_mean,119,0.7989786207923739
CMC200,0.3,0.1,g_mean,120,0.7989789629822742
CMC200,0.3,0.1,g_mean,121,0.8010418022556158
CMC200,0.3,0.1,g_mean,122,0.8010439789071029
CMC200,0.3,0.1,g_mean,123,0.8010441778748463
CMC200,0.3,0.1,g_mean,124,0.8805202431296072
CMC200,0.3,0.1,g_mean,125,0.8812410086027992
CMC200,0.3,0.1,g_mean,126,0.8812510071938636
CMC200,0.3,0.1,g_mean,127,0.8812536387927782
CMC200,0.3,0.1,g_mean,128,0.8812547358355436
CMC200,0.3,0.1,g_mean,129,0.8812552263710619
CMC200,0.3,0.1,g_mean,130,0.8812549897637683
CMC200,0.3,0.1,g_mean,131,0.8813154219164516
CMC200,0.3,0.1,g_mean,132,0.8813605435383617
CMC200,0.3,0.1,g_mean,133,0.8813934925050069
CMC200,0.3,0.1,g_mean,134,0.8814172539656475
CMC200,0.3,0.1,g_mean,135,0.881433982460752
CMC200,0.3,0.1,g_mean,136,0.8814371432327356
CMC200,0.3,0.1,g_mean,137,0.8814381204502442
CMC200,0.3,0.1,g_mean,138,0.8814388398707264
CMC200,0.3,0.1,g_mean,139,0.8814393507378342
CMC200,0.3,0.1,g_mean,140,0.881439357125719
CMC200,0.3,0.1,g_mean,141,0.8814388680738852
CMC200,0.3,0.1,g_mean,142,0.8814371245749851
CMC200,0.3,0.1,g_mean,143,0.7037550965861236
CMC200,0.3,0.1,g_mean,144,0.7037538480164006
CMC200,0.3,0.1,g_mean,145,0.7037536433360505
CMC200,0.3,0.1,g_mean,146,0.7037540108615985
CMC200,0.3,0.1,g_mean,147,0.7037514343528803
CMC200,0.3,0.1,g_mean,148,0.7037510041642786
CMC200,0.3,0.1,g_mean,149,0.70375117578341
CMC200,0.3,0.1,g_mean,150,0.7037523616079598
CMC200,0.3,0.1,g_mean,151,0.820926660393338
CMC200,0.3,0.1,g_mean,152,0.820929240009279
CMC200,0.3,0.1,g_mean,153,0.8209300574280372
CMC200,0.3,0.1,g_mean,154,0.8209303133737226
CMC200,0.3,0.1,g_mean,155,0.8227280824426242
CMC200,0.3,0.1,g_mean,156,0.8227334053478754
CMC200,0.3,0.1,g_mean,157,0.8227342269485572
CMC200,0.3,0.1,g_mean,158,0.8227342613446176
CMC200,0.3,0.1,g_mean,159,0.8765645822061139
CMC200,0.3,0.1,g_mean,160,0.8767779507309614
CMC200,0.3,0.1,g_mean,161,0.8768319083611245
CMC200,0.3,0.1,g_mean,162,0.8768342166192519
CMC200,0.3,0.1,g_mean,163,0.87683475601805
CMC200,0.3,1.0,low_lambda_high_m,1,0.8353044481347828
CMC200,0.3,1.0,low_lambda_high_m,2,0.8353049318728687
CMC200,0.3,1.0,low_lambda_high_m,3,0.8353050993246609
CMC200,0.3,1.0,low_lambda_high_m,4,0.8353051864520336
CMC200,0.3,1.0,low_lambda_high_m,5,0.8353052410638206
CMC200,0.3,1.0,low_lambda_high_m,6,0.8353052791484004
CMC200,0.3,1.0,low_lambda_high_m,7,0.835305307574264
CMC200,0.3,1.0,low_lambda_high_m,8,0.835305329790904
CMC200,0.3,1.0,low_lambda_high_m,9,0.8353053477297412
CMC200,0.3,1.0,low_lambda_high_m,10,0.8353053625633362
CMC200,0.3,1.0,low_lambda_high_m,11,0.8353053750498263
CMC200,0.3,1.0,low_lambda_high_m,12,0.8353053857049354
CMC200,0.3,1.0,low_lambda_high_m,13,0.8353053948945612
CMC200,0.3,1.0,low_lambda_high_m,14,0.8353054028876414
CMC200,0.3,1.0,low_lambda_high_m,15,0.8353054098877718
CMC200,0.3,1.0,low_lambda_high_m,16,0.8353054160528253
CMC200,0.3,1.0,low_lambda_high_m,17,0.8353054215075222
CMC200,0.3,1.0,low_lambda_high_m,18,0.8353054263517532
CMC200,0.3,1.0,low_lambda_high_m,19,0.8353054306662988
CMC200,0.3,1.0,low_lambda_high_m,20,0.8353054345169278
CMC200,0.3,1.0,low_lambda_high_m,21,0.8353054379574525
CMC200,0.3,1.0,low_lambda_high_m,22,0.8353054410320766
CMC200,0.3,1.0,low_lambda_high_m,23,0.8353054437772358
CMC200,0.3,1.0,low_lambda_high_m,24,0.8353054462230509
CMC200,0.3,1.0,low_lambda_high_m,25,0.8353054483944755
CMC200,0.3,1.0,low_lambda_high_m,26,0.835305450312201
CMC200,0.3,1.0,low_lambda_high_m,27,0.8353054519933674
CMC200,0.3,1.0,low_lambda_high_m,28,0.8353054534521182
CMC200,0.3,1.0,low_lambda_high_m,29,0.8353054547000338
CMC200,0.3,1.0,low_lambda_high_m,30,0.8353054557464653
CMC200,0.3,1.0,low_lambda_high_m,31,0.8353054565987902
CMC200,0.3,1.0,low_lambda_high_m,32,0.835305457262603
CMC200,0.3,1.0,low_lambda_high_m,33,0.8353054577418523
CMC200,0.3,1.0,low_lambda_high_m,34,0.8353054580389299
CMC200,0.3,1.0,low_lambda_high_m,35,0.8353054581547181
CMC200,0.3,1.0,low_lambda_high_m,36,0.8353054580885972
CMC200,0.3,1.0,low_lambda_high_m,37,0.835305457838413
CMC200,0.3,1.0,low_lambda_high_m,38,0.8353054574004027
CMC200,0.3,1.0,low_lambda_high_m,39,0.8353054567690777
CMC200,0.3,1.0,low_lambda_high_m,40,0.835305455937054
CMC200,0.3,1.0,low_lambda_high_m,41,0.835305454894826
CMC200,0.3,1.0,low_lambda_high_m,42,0.8353054536304696
CMC200,0.3,1.0,low_lambda_high_m,43,0.8353054521292621
CMC200,0.3,1.0,low_lambda_high_m,44,0.8353054503731987
CMC200,0.3,1.0,low_lambda_high_m,45,0.8353054483403811
CMC200,0.3,1.0,low_lambda_high_m,46,0.8353054460042455
CMC200,0.3,1.0,low_lambda_high_m,47,0.8353054433325874
CMC200,0.3,1.0,low_lambda_high_m,48,0.8353054402863225
CMC200,0.3,1.0,low_lambda_high_m,49,0.8353054368179014
CMC200,0.3,1.0,low_lambda_high_m,50,0.8353054328692564
CMC200,0.3,1.0,low_lambda_high_m,51,0.8353054283690988
CMC200,0.3,1.0,low_lambda_high_m,52,0.8353054232292948
CMC200,0.3,1.0,low_lambda_high_m,53,0.8353054173399052
CMC200,0.3,1.0,low_lambda_high_m,54,0.8353054105622572
CMC200,0.3,1.0,low_lambda_high_m,55,0.8353054027190842
CMC200,0.3,1.0,low_lambda_high_m,56,0.8353053935802386
CMC200,0.3,1.0,low_lambda_high_m,57,0.8353053828416054
CMC200,0.3,1.0,low_lambda_high_m,58,0.8353053700933327
CMC200,0.3,1.0,low_lambda_high_m,59,0.8353053547707838
CMC200,0.3,1.0,low_lambda_high_m,60,0.8353053360765912
CMC200,0.3,1.0,low_lambda_high_m,61,0.835305312852488
CMC200,0.3,1.0,low_lambda_high_m,62,0.8353052833601683
CMC200,0.3,1.0,low_lambda_high_m,63,0.83530524489222
CMC200,0.3,1.0,low_lambda_high_m,64,0.8353052293675836
CMC200,0.3,1.0,low_lambda_high_m,65,0.8353052107692961
CMC200,0.3,1.0,low_lambda_high_m,66,0.8353051834069908
CMC200,0.3,1.0,low_lambda_high_m,67,0.8353051710925374
CMC200,0.3,1.0,low_lambda_high_m,68,0.8353051567540613
CMC200,0.3,1.0,low_lambda_high_m,69,0.8353051399012843
CMC200,0.3,1.0,low_lambda_high_m,70,0.8353051312044891
CMC200,0.3,1.0,low_lambda_high_m,71,0.8353051260907883
CMC200,0.3,1.0,low_lambda_high_m,72,0.8353051204062183
CMC200,0.3,1.0,low_lambda_high_m,73,0.8353051133811176
CMC200,0.3,1.0,low_lambda_high_m,74,0.8353051045896623
CMC200,0.3,1.0,low_lambda_high_m,75,0.8353050933638109
CMC200,0.3,1.0,low_lambda_high_m,76,0.8353050785933676
CMC200,0.3,1.0,low_lambda_high_m,77,0.8353050700695596
CMC200,0.3,1.0,low_lambda_high_m,78,0.8353050605416878
CMC200,0.3,1.0,low_lambda_high_m,79,0.8353050483788463
CMC200,0.3,1.0,low_lambda_high_m,80,0.8353050323714717
CMC200,0.3,1.0,low_lambda_high_m,81,0.8353050102826427
CMC200,0.3,1.0,low_lambda_high_m,82,0.8353049773429635
CMC200,0.3,1.0,low_lambda_high_m,83,0.8353049365636135
CMC200,0.3,1.0,low_lambda_high_m,84,0.8353048850612418
CMC200,0.3,1.0,low_lambda_high_m,85,0.8353047734191194
CMC200,0.3,1.0,low_lambda_high_m,86,0.8353046028164356
CMC200,0.3,1.0,low_lambda_high_m,87,0.8212624282161239
CMC200,0.3,1.0,low_lambda_high_m,88,0.8212623909456102
CMC200,0.3,1.0,low_lambda_high_m,89,0.8212623747261476
CMC200,0.3,1.0,low_lambda_high_m,90,0.8212623535196972
CMC200,0.3,1.0,low_lambda_high_m,91,0.8212623422423969
CMC200,0.3,1.0,low_lambda_high_m,92,0.8212623352807363
CMC200,0.3,1.0,low_lambda_high_m,93,0.8212623307136644
CMC200,0.3,1.0,low_lambda_high_m,94,0.8212623276561877
CMC200,0.3,1.0,low_lambda_high_m,95,0.8212623256544451
CMC200,0.3,1.0,low_lambda_high_m,96,0.821262323322004
CMC200,0.3,1.0,low_lambda_high_m,97,0.821262320364796
CMC200,0.3,1.0,low_lambda_high_m,98,0.8212623182778986
CMC200,0.3,1.0,low_lambda_high_m,99,0.8212623156184585
CMC200,0.3,1.0,low_lambda_high_m,100,0.8212623122749695
CMC200,0.3,1.0,low_lambda_high_m,101,0.8212623080851131
CMC200,0.3,1.0,low_lambda_high_m,102,0.8212623028053496
CMC200,0.3,1.0,low_lambda_high_m,103,0.8212622990325485
CMC200,0.3,1.0,low_lambda_high_m,104,0.8212622965232319
CMC200,0.3,1.0,low_lambda_high_m,105,0.8212622949365034
CMC200,0.3,1.0,low_lambda_high_m,106,0.8212622930656305
CMC200,0.3,1.0,low_lambda_high_m,107,0.8212622908886464
CMC200,0.3,1.0,low_lambda_high_m,108,0.8212622883750558
CMC200,0.3,1.0,low_lambda_high_m,109,0.8212622867846504
CMC200,0.3,1.0,low_lambda_high_m,110,0.8212622859365493
CMC200,0.3,1.0,low_lambda_high_m,111,0.8212622848536374
CMC200,0.3,1.0,low_lambda_high_m,112,0.8212622835238755
CMC200,0.3,1.0,low_lambda_high_m,113,0.8212622828993066
CMC200,0.3,1.0,low_lambda_high_m,114,0.8212622829179561
CMC200,0.3,1.0,low_lambda_high_m,115,0.82126228272471
CMC200,0.3,1.0,low_lambda_high_m,116,0.8212622831692392
CMC200,0.3,1.0,low_lambda_high_m,117,0.8212622842930392
CMC200,0.3,1.0,low_lambda_high_m,118,0.8212622862082256
CMC200,0.3,1.0,low_lambda_high_m,119,0.8212622878413982
CMC200,0.3,1.0,low_lambda_high_m,120,0.8212622892113172
CMC200,0.3,1.0,low_lambda_high_m,121,0.8212622914276804
CMC200,0.3,1.0,low_lambda_high_m,122,0.8212622933380312
CMC200,0.3,1.0,low_lambda_high_m,123,0.8212622949658775
CMC200,0.3,1.0,low_lambda_high_m,124,0.82126229750887
CMC200,0.3,1.0,low_lambda_high_m,125,0.8212622997165083
CMC200,0.3,1.0,low_lambda_high_m,126,0.8212623014279421
CMC200,0.3,1.0,low_lambda_high_m,127,0.8212623027007753
CMC200,0.3,1.0,low_lambda_high_m,128,0.8212623035754775
CMC200,0.3,1.0,low_lambda_high_m,129,0.8212623040785603
CMC200,0.3,1.0,low_lambda_high_m,130,0.8212623042247545
CMC200,0.3,1.0,low_lambda_high_m,131,0.8212623048963925
CMC200,0.3,1.0,low_lambda_high_m,132,0.8212623053482763
CMC200,0.3,1.0,low_lambda_high_m,133,0.8212623055848806
CMC200,0.3,1.0,low_lambda_high_m,134,0.8212623056086472
CMC200,0.3,1.0,low_lambda_high_m,135,0.8212623054199132
CMC200,0.3,1.0,low_lambda_high_m,136,0.8212623048734623
CMC200,0.3,1.0,low_lambda_high_m,137,0.8212623039536383
CMC200,0.3,1.0,low_lambda_high_m,138,0.8212623027966947
CMC200,0.3,1.0,low_lambda_high_m,139,0.8212623013900262
CMC200,0.3,1.0,low_lambda_high_m,140,0.8212622995308391
CMC200,0.3,1.0,low_lambda_high_m,141,0.8212622971550972
CMC200,0.3,1.0,low_lambda_high_m,142,0.821262294171948
CMC200,0.3,1.0,low_lambda_high_m,143,0.8212622904506192
CMC200,0.3,1.0,low_lambda_high_m,144,0.8212622879599446
CMC200,0.3,1.0,low_lambda_high_m,145,0.8212622863752095
CMC200,0.3,1.0,low_lambda_high_m,146,0.8212622855244286
CMC200,0.3,1.0,low_lambda_high_m,147,0.8212622844409586
CMC200,0.3,1.0,low_lambda_high_m,148,0.821262284028835
CMC200,0.3,1.0,low_lambda_high_m,149,0.8212622842492643
CMC200,0.3,1.0,low_lambda_high_m,150,0.8212622851223276
CMC200,0.3,1.0,low_lambda_high_m,151,0.8212622867319812
CMC200,0.3,1.0,low_lambda_high_m,152,0.8212622880816717
CMC200,0.3,1.0,low_lambda_high_m,153,0.8212622891862119
CMC200,0.3,1.0,low_lambda_high_m,154,0.8212622900576706
CMC200,0.3,1.0,low_lambda_high_m,155,0.8212622916644656
CMC200,0.3,1.0,low_lambda_high_m,156,0.8212622930109671
CMC200,0.3,1.0,low_lambda_high_m,157,0.8212622941121832
CMC200,0.3,1.0,low_lambda_high_m,158,0.8212622949801313
CMC200,0.3,1.0,low_lambda_high_m,159,0.821262296582376
CMC200,0.3,1.0,low_lambda_high_m,160,0.8212622979241468
CMC200,0.3,1.0,low_lambda_high_m,161,0.8212622990204693
CMC200,0.3,1.0,low_lambda_high_m,162,0.8212622997342468
CMC200,0.3,1.0,low_lambda_high_m,163,0.8212623000861701
CMC200,1.8,0.1,high_lambda_low_m,1,0.13742822536696306
CMC200,1.8,0.1,high_lambda_low_m,2,0.13733620195335217
CMC200,1.8,0.1,high_lambda_low_m,3,0.13729116826768745
CMC200,1.8,0.1,high_lambda_low_m,4,0.13726127109742509
CMC200,1.8,0.1,high_lambda_low_m,5,0.13723876629157641
CMC200,1.8,0.1,high_lambda_low_m,6,0.13722060630174374
CMC200,1.8,0.1,high_lambda_low_m,7,0.13720528402530605
CMC200,1.8,0.1,high_lambda_low_m,8,0.1371919571381935
CMC200,1.8,0.1,high_lambda_low_m,9,0.13718011105576458
CMC200,1.8,0.1,high_lambda_low_m,10,0.13716940828187693
CMC200,1.8,0.1,high_lambda_low_m,11,0.13715961487501038
CMC200,1.8,0.1,high_lambda_low_m,12,0.13715056156506433
CMC200,1.8,0.1,high_lambda_low_m,13,0.13714212161798253
CMC200,1.8,0.1,high_lambda_low_m,14,0.1371341974325599
CMC200,1.8,0.1,high_lambda_low_m,15,0.13712671201648047
CMC200,1.8,0.1,high_lambda_low_m,16,0.13711960334730738
CMC200,1.8,0.1,high_lambda_low_m,17,0.13711282051738938
CMC200,1.8,0.1,high_lambda_low_m,18,0.13710632102332984
CMC200,1.8,0.1,high_lambda_low_m,19,0.13710006881382
CMC200,1.8,0.1,high_lambda_low_m,20,0.137094032854546
CMC200,1.8,0.1,high_lambda_low_m,21,0.13708818605455267
CMC200,1.8,0.1,high_lambda_low_m,22,0.13708250445054243
CMC200,1.8,0.1,high_lambda_low_m,23,0.13707696657820886
CMC200,1.8,0.1,high_lambda_low_m,24,0.13707155298077747
CMC200,1.8,0.1,high_lambda_low_m,25,0.13706624581898685
CMC200,1.8,0.1,high_lambda_low_m,26,0.13706102855640134
CMC200,1.8,0.1,high_lambda_low_m,27,0.13705588570074906
CMC200,1.8,0.1,high_lambda_low_m,28,0.13705080258684627
CMC200,1.8,0.1,high_lambda_low_m,29,0.13704576519018372
CMC200,1.8,0.1,high_lambda_low_m,30,0.13704075996278584
CMC200,1.8,0.1,high_lambda_low_m,31,0.13703577368476452
CMC200,1.8,0.1,high_lambda_low_m,32,0.13703079332624446
CMC200,1.8,0.1,high_lambda_low_m,33,0.13702580591516045
CMC200,1.8,0.1,high_lambda_low_m,34,0.13702079840689071
CMC200,1.8,0.1,high_lambda_low_m,35,0.13701575755184153
CMC200,1.8,0.1,high_lambda_low_m,36,0.1370106697569501
CMC200,1.8,0.1,high_lambda_low_m,37,0.13700552093661006
CMC200,1.8,0.1,high_lambda_low_m,38,0.13700029634770453
CMC200,1.8,0.1,high_lambda_low_m,39,0.13699498040217742
CMC200,1.8,0.1,high_lambda_low_m,40,0.1369895564487693
CMC200,1.8,0.1,high_lambda_low_m,41,0.13698400651302248
CMC200,1.8,0.1,high_lambda_low_m,42,0.1369783109811737
CMC200,1.8,0.1,high_lambda_low_m,43,0.13697244820876203
CMC200,1.8,0.1,high_lambda_low_m,44,0.13696639402812733
CMC200,1.8,0.1,high_lambda_low_m,45,0.13696012111963432
CMC200,1.8,0.1,high_lambda_low_m,46,0.13695359819799674
CMC200,1.8,0.1,high_lambda_low_m,47,0.13694678894509849
CMC200,1.8,0.1,high_lambda_low_m,48,0.1369396505899671
CMC200,1.8,0.1,high_lambda_low_m,49,0.13693213198749205
CMC200,1.8,0.1,high_lambda_low_m,50,0.13692417096640966
CMC200,1.8,0.1,high_lambda_low_m,51,0.136915690578725
CMC200,1.8,0.1,high_lambda_low_m,52,0.1369065936390423
CMC200,1.8,0.1,high_lambda_low_m,53,0.13689675449747873
CMC200,1.8,0.1,high_lambda_low_m,54,0.1368860061415904
CMC200,1.8,0.1,high_lambda_low_m,55,0.1368741190143476
CMC200,1.8,0.1,high_lambda_low_m,56,0.13686076426694546
CMC200,1.8,0.1,high_lambda_low_m,57,0.13684544570658785
CMC200,1.8,0.1,high_lambda_low_m,58,0.13682736350905017
CMC200,1.8,0.1,high_lambda_low_m,59,0.1368051130447697
CMC200,1.8,0.1,high_lambda_low_m,60,0.13677591465224775
CMC200,1.8,0.1,high_lambda_low_m,61,0.13673304231473618
CMC200,1.8,0.1,high_lambda_low_m,62,0.13665120023104693
CMC200,1.8,0.1,high_lambda_low_m,63,0.12253599430226517
CMC200,1.8,0.1,high_lambda_low_m,64,0.12253600292525162
CMC200,1.8,0.1,high_lambda_low_m,65,0.12253598020032613
CMC200,1.8,0.1,high_lambda_low_m,66,0.1205525185122526
CMC200,1.8,0.1,high_lambda_low_m,67,0.12055252312774316
CMC200,1.8,0.1,high_lambda_low_m,68,0.12055248604110845
CMC200,1.8,0.1,high_lambda_low_m,69,0.1181430519580599
CMC200,1.8,0.1,high_lambda_low_m,70,0.1181430519434182
CMC200,1.8,0.1,high_lambda_low_m,71,0.13482367249884988
CMC200,1.8,0.1,high_lambda_low_m,72,0.1348244452717043
CMC200,1.8,0.1,high_lambda_low_m,73,0.1348245305838679
CMC200,1.8,0.1,high_lambda_low_m,74,0.13482456047796312
CMC200,1.8,0.1,high_lambda_low_m,75,0.13482456856250383
CMC200,1.8,0.1,high_lambda_low_m,76,0.13482456036242987
CMC200,1.8,0.1,high_lambda_low_m,77,0.13482587759945677
CMC200,1.8,0.1,high_lambda_low_m,78,0.13482623984636757
CMC200,1.8,0.1,high_lambda_low_m,79,0.13482630113859356
CMC200,1.8,0.1,high_lambda_low_m,80,0.13482632202445755
CMC200,1.8,0.1,high_lambda_low_m,81,0.13482632411045806
CMC200,1.8,0.1,high_lambda_low_m,82,0.13482630903967927
CMC200,1.8,0.1,high_lambda_low_m,83,0.1348262880930402
CMC200,1.8,0.1,high_lambda_low_m,84,0.13482626011101528
CMC200,1.8,0.1,high_lambda_low_m,85,0.1348261808506026
CMC200,1.8,0.1,high_lambda_low_m,86,0.13482606942989142
CMC200,1.8,0.1,high_lambda_low_m,87,0.10400940089620674
CMC200,1.8,0.1,high_lambda_low_m,88,0.10400936402029184
CMC200,1.8,0.1,high_lambda_low_m,89,0.10400936878420865
CMC200,1.8,0.1,high_lambda_low_m,90,0.0996993250511643
CMC200,1.8,0.1,high_lambda_low_m,91,0.09969926225061433
CMC200,1.8,0.1,high_lambda_low_m,92,0.09969924983469704
CMC200,1.8,0.1,high_lambda_low_m,93,0.09969926224232444
CMC200,1.8,0.1,high_lambda_low_m,94,0.099699324998924
CMC200,1.8,0.1,high_lambda_low_m,95,0.12753334834196764
CMC200,1.8,0.1,high_lambda_low_m,96,0.1275334465949553
CMC200,1.8,0.1,high_lambda_low_m,97,0.127533459477951
CMC200,1.8,0.1,high_lambda_low_m,98,0.12776247716196784
CMC200,1.8,0.1,high_lambda_low_m,99,0.12776252517976222
CMC200,1.8,0.1,high_lambda_low_m,100,0.12776252598406448
CMC200,1.8,0.1,high_lambda_low_m,101,0.1277624841025414
CMC200,1.8,0.1,high_lambda_low_m,102,0.1130395444085473
CMC200,1.8,0.1,high_lambda_low_m,103,0.11303946097753198
CMC200,1.8,0.1,high_lambda_low_m,104,0.11303947111865834
CMC200,1.8,0.1,high_lambda_low_m,105,0.11665616217379234
CMC200,1.8,0.1,high_lambda_low_m,106,0.11665618505858223
CMC200,1.8,0.1,high_lambda_low_m,107,0.1166561621834624
CMC200,1.8,0.1,high_lambda_low_m,108,0.11228869095704193
CMC200,1.8,0.1,high_lambda_low_m,109,0.11228867918953048
CMC200,1.8,0.1,high_lambda_low_m,110,0.11228874696330976
CMC200,1.8,0.1,high_lambda_low_m,111,0.1122887351985327
CMC200,1.8,0.1,high_lambda_low_m,112,0.10595120614705521
CMC200,1.8,0.1,high_lambda_low_m,113,0.10595117695576155
CMC200,1.8,0.1,high_lambda_low_m,114,0.105951189822862
CMC200,1.8,0.1,high_lambda_low_m,115,0.10595101389037964
CMC200,1.8,0.1,high_lambda_low_m,116,0.1059510010055549
CMC200,1.8,0.1,high_lambda_low_m,117,0.10595103018114688
CMC200,1.8,0.1,high_lambda_low_m,118,0.12047422296084341
CMC200,1.8,0.1,high_lambda_low_m,119,0.12047426124050682
CMC200,1.8,0.1,high_lambda_low_m,120,0.12047425749078507
CMC200,1.8,0.1,high_lambda_low_m,121,0.12063081868277707
CMC200,1.8,0.1,high_lambda_low_m,122,0.12063085873724372
CMC200,1.8,0.1,high_lambda_low_m,123,0.12063085453788637
CMC200,1.8,0.1,high_lambda_low_m,124,0.13549120238415208
CMC200,1.8,0.1,high_lambda_low_m,125,0.13549287981153044
CMC200,1.8,0.1,high_lambda_low_m,126,0.13549298405562554
CMC200,1.8,0.1,high_lambda_low_m,127,0.13549302167912042
CMC200,1.8,0.1,high_lambda_low_m,128,0.13549303522261244
CMC200,1.8,0.1,high_lambda_low_m,129,0.1354930333165764
CMC200,1.8,0.1,high_lambda_low_m,130,0.13549301493523214
CMC200,1.8,0.1,high_lambda_low_m,131,0.13549321182653148
CMC200,1.8,0.1,high_lambda_low_m,132,0.13549335023373865
CMC200,1.8,0.1,high_lambda_low_m,133,0.1354934533297666
CMC200,1.8,0.1,high_lambda_low_m,134,0.13549353318686916
CMC200,1.8,0.1,high_lambda_low_m,135,0.1354935966922012
CMC200,1.8,0.1,high_lambda_low_m,136,0.135493620858433
CMC200,1.8,0.1,high_lambda_low_m,137,0.13549362661235137
CMC200,1.8,0.1,high_lambda_low_m,138,0.13549362926640787
CMC200,1.8,0.1,high_lambda_low_m,139,0.13549362888508817
CMC200,1.8,0.1,high_lambda_low_m,140,0.1354936124876414
CMC200,1.8,0.1,high_lambda_low_m,141,0.1354935691244206
CMC200,1.8,0.1,high_lambda_low_m,142,0.13549344414817185
CMC200,1.8,0.1,high_lambda_low_m,143,0.10131760504412551
CMC200,1.8,0.1,high_lambda_low_m,144,0.1013175539283788
CMC200,1.8,0.1,high_lambda_low_m,145,0.10131754828229106
CMC200,1.8,0.1,high_lambda_low_m,146,0.10131757345605158
CMC200,1.8,0.1,high_lambda_low_m,147,0.10131739687366847
CMC200,1.8,0.1,high_lambda_low_m,148,0.10131737167102527
CMC200,1.8,0.1,high_lambda_low_m,149,0.10131737730311041
CMC200,1.8,0.1,high_lambda_low_m,150,0.10131742840214535
CMC200,1.8,0.1,high_lambda_low_m,151,0.1246091964473556
CMC200,1.8,0.1,high_lambda_low_m,152,0.12460926040107538
CMC200,1.8,0.1,high_lambda_low_m,153,0.12460927331739104
CMC200,1.8,0.1,high_lambda_low_m,154,0.12460926125875689
CMC200,1.8,0.1,high_lambda_low_m,155,0.1247478837421578
CMC200,1.8,0.1,high_lambda_low_m,156,0.12474795614557058
CMC200,1.8,0.1,high_lambda_low_m,157,0.12474796906147524
CMC200,1.8,0.1,high_lambda_low_m,158,0.12474795621524147
CMC200,1.8,0.1,high_lambda_low_m,159,0.1345312650903783
CMC200,1.8,0.1,high_lambda_low_m,160,0.1345317364774695
CMC200,1.8,0.1,high_lambda_low_m,161,0.13453194833557464
CMC200,1.8,0.1,high_lambda_low_m,162,0.13453200159126708
CMC200,1.8,0.1,high_lambda_low_m,163,0.1345320198409711
CMC200,1.8,1.0,high_lambda_high_m,1,0.13807134909268629
CMC200,1.8,1.0,high_lambda_high_m,2,0.13789020819609835
CMC200,1.8,1.0,high_lambda_high_m,3,0.13779115159923983
CMC200,1.8,1.0,high_lambda_high_m,4,0.1377204864589647
CMC200,1.8,1.0,high_lambda_high_m,5,0.13766442031249612
CMC200,1.8,1.0,high_lambda_high_m,6,0.13761730797318072
CMC200,1.8,1.0,high_lambda_high_m,7,0.13757626966232211
CMC200,1.8,1.0,high_lambda_high_m,8,0.13753962983205323
CMC200,1.8,1.0,high_lambda_high_m,9,0.13750632373998345
CMC200,1.8,1.0,high_lambda_high_m,10,0.13747563041488509
CMC200,1.8,1.0,high_lambda_high_m,11,0.13744703758464802
CMC200,1.8,1.0,high_lambda_high_m,12,0.13742016719856492
CMC200,1.8,1.0,high_lambda_high_m,13,0.13739473154065462
CMC200,1.8,1.0,high_lambda_high_m,14,0.13737050596506334
CMC200,1.8,1.0,high_lambda_high_m,15,0.13734731121007693
CMC200,1.8,1.0,high_lambda_high_m,16,0.13732500150429044
CMC200,1.8,1.0,high_lambda_high_m,17,0.13730345631915244
CMC200,1.8,1.0,high_lambda_high_m,18,0.13728257449676035
CMC200,1.8,1.0,high_lambda_high_m,19,0.137262269970833
CMC200,1.8,1.0,high_lambda_high_m,20,0.1372424685836381
CMC200,1.8,1.0,high_lambda_high_m,21,0.1372231056735429
CMC200,1.8,1.0,high_lambda_high_m,22,0.13720412421484984
CMC200,1.8,1.0,high_lambda_high_m,23,0.13718547336001127
CMC200,1.8,1.0,high_lambda_high_m,24,0.13716710727914677
CMC200,1.8,1.0,high_lambda_high_m,25,0.13714898422177316
CMC200,1.8,1.0,high_lambda_high_m,26,0.13713106574608142
CMC200,1.8,1.0,high_lambda_high_m,27,0.1371133160752285
CMC200,1.8,1.0,high_lambda_high_m,28,0.13709570155000603
CMC200,1.8,1.0,high_lambda_high_m,29,0.13707819015423994
CMC200,1.8,1.0,high_lambda_high_m,30,0.13706075109422683
CMC200,1.8,1.0,high_lambda_high_m,31,0.13704335441699486
CMC200,1.8,1.0,high_lambda_high_m,32,0.1370259706545727
CMC200,1.8,1.0,high_lambda_high_m,33,0.13700857048299744
CMC200,1.8,1.0,high_lambda_high_m,34,0.13699112438565586
CMC200,1.8,1.0,high_lambda_high_m,35,0.1369736023107979
CMC200,1.8,1.0,high_lambda_high_m,36,0.13695597331273301
CMC200,1.8,1.0,high_lambda_high_m,37,0.13693820516526628
CMC200,1.8,1.0,high_lambda_high_m,38,0.13692026393427387
CMC200,1.8,1.0,high_lambda_high_m,39,0.13690211349379355
CMC200,1.8,1.0,high_lambda_high_m,40,0.13688371496634602
CMC200,1.8,1.0,high_lambda_high_m,41,0.13686502606302314
CMC200,1.8,1.0,high_lambda_high_m,42,0.13684600029157304
CMC200,1.8,1.0,high_lambda_high_m,43,0.1368265859903725
CMC200,1.8,1.0,high_lambda_high_m,44,0.1368067251314211
CMC200,1.8,1.0,high_lambda_high_m,45,0.13678635181414775
CMC200,1.8,1.0,high_lambda_high_m,46,0.1367653903404685
CMC200,1.8,1.0,high_lambda_high_m,47,0.13674375271460773
CMC200,1.8,1.0,high_lambda_high_m,48,0.13672133533946412
CMC200,1.8,1.0,high_lambda_high_m,49,0.1366980145689718
CMC200,1.8,1.0,high_lambda_high_m,50,0.13667364059514978
CMC200,1.8,1.0,high_lambda_high_m,51,0.13664802884848484
CMC200,1.8,1.0,high_lambda_high_m,52,0.13662094757421428
CMC200,1.8,1.0,high_lambda_high_m,53,0.13659209932216776
CMC200,1.8,1.0,high_lambda_high_m,54,0.13656109234853248
CMC200,1.8,1.0,high_lambda_high_m,55,0.1365273944649155
CMC200,1.8,1.0,high_lambda_high_m,56,0.13649025448238253
CMC200,1.8,1.0,high_lambda_high_m,57,0.13644855923397997
CMC200,1.8,1.0,high_lambda_high_m,58,0.13640054970673066
CMC200,1.8,1.0,high_lambda_high_m,59,0.13634318688670474
CMC200,1.8,1.0,high_lambda_high_m,60,0.13627047157587394
CMC200,1.8,1.0,high_lambda_high_m,61,0.13616759363165368
CMC200,1.8,1.0,high_lambda_high_m,62,0.13597608935825847
CMC200,1.8,1.0,high_lambda_high_m,63,0.13011785633390247
CMC200,1.8,1.0,high_lambda_high_m,64,0.13011766766509936
CMC200,1.8,1.0,high_lambda_high_m,65,0.1301174144765768
CMC200,1.8,1.0,high_lambda_high_m,66,0.13011690053505623
CMC200,1.8,1.0,high_lambda_high_m,67,0.13011677837870037
CMC200,1.8,1.0,high_lambda_high_m,68,0.13011663226375791
CMC200,1.8,1.0,high_lambda_high_m,69,0.13011645402545075
CMC200,1.8,1.0,high_lambda_high_m,70,0.13011637893798342
CMC200,1.8,1.0,high_lambda_high_m,71,0.13011633787537258
CMC200,1.8,1.0,high_lambda_high_m,72,0.13011629265214072
CMC200,1.8,1.0,high_lambda_high_m,73,0.13011623838039507
CMC200,1.8,1.0,high_lambda_high_m,74,0.13011617244912596
CMC200,1.8,1.0,high_lambda_high_m,75,0.1301160910057623
CMC200,1.8,1.0,high_lambda_high_m,76,0.13011598802961352
CMC200,1.8,1.0,high_lambda_high_m,77,0.13011592343211417
CMC200,1.8,1.0,high_lambda_high_m,78,0.13011585159667008
CMC200,1.8,1.0,high_lambda_high_m,79,0.1301157626549616
CMC200,1.8,1.0,high_lambda_high_m,80,0.1301156497273429
CMC200,1.8,1.0,high_lambda_high_m,81,0.13011550091723242
CMC200,1.8,1.0,high_lambda_high_m,82,0.13011529287939874
CMC200,1.8,1.0,high_lambda_high_m,83,0.1301150380225981
CMC200,1.8,1.0,high_lambda_high_m,84,0.13011471694656884
CMC200,1.8,1.0,high_lambda_high_m,85,0.1301140978503286
CMC200,1.8,1.0,high_lambda_high_m,86,0.13011309755051995
CMC200,1.8,1.0,high_lambda_high_m,87,0.12380536521950303
CMC200,1.8,1.0,high_lambda_high_m,88,0.12380513713821052
CMC200,1.8,1.0,high_lambda_high_m,89,0.12380503998697683
CMC200,1.8,1.0,high_lambda_high_m,90,0.12380491223987558
CMC200,1.8,1.0,high_lambda_high_m,91,0.12380484529383541
CMC200,1.8,1.0,high_lambda_high_m,92,0.12380480476167972
CMC200,1.8,1.0,high_lambda_high_m,93,0.12380477879461184
CMC200,1.8,1.0,high_lambda_high_m,94,0.12380476213161254
CMC200,1.8,1.0,high_lambda_high_m,95,0.12380475218303755
CMC200,1.8,1.0,high_lambda_high_m,96,0.1238047399606999
CMC200,1.8,1.0,high_lambda_high_m,97,0.1238047240431348
CMC200,1.8,1.0,high_lambda_high_m,98,0.12380471213086605
CMC200,1.8,1.0,high_lambda_high_m,99,0.12380469657967991
CMC200,1.8,1.0,high_lambda_high_m,100,0.12380467674730637
CMC200,1.8,1.0,high_lambda_high_m,101,0.12380465171207393
CMC200,1.8,1.0,high_lambda_high_m,102,0.12380462013607296
CMC200,1.8,1.0,high_lambda_high_m,103,0.12380459569224594
CMC200,1.8,1.0,high_lambda_high_m,104,0.12380458012324351
CMC200,1.8,1.0,high_lambda_high_m,105,0.12380457105329208
CMC200,1.8,1.0,high_lambda_high_m,106,0.12380455982195111
CMC200,1.8,1.0,high_lambda_high_m,107,0.12380454623990267
CMC200,1.8,1.0,high_lambda_high_m,108,0.12380453006422502
CMC200,1.8,1.0,high_lambda_high_m,109,0.12380452053229
CMC200,1.8,1.0,high_lambda_high_m,110,0.1238045164036706
CMC200,1.8,1.0,high_lambda_high_m,111,0.12380451042742084
CMC200,1.8,1.0,high_lambda_high_m,112,0.1238045025144951
CMC200,1.8,1.0,high_lambda_high_m,113,0.12380449980415528
CMC200,1.8,1.0,high_lambda_high_m,114,0.12380450198184233
CMC200,1.8,1.0,high_lambda_high_m,115,0.12380450241063537
CMC200,1.8,1.0,high_lambda_high_m,116,0.1238045078211063
CMC200,1.8,1.0,high_lambda_high_m,117,0.12380451885916406
CMC200,1.8,1.0,high_lambda_high_m,118,0.12380453701213985
CMC200,1.8,1.0,high_lambda_high_m,119,0.1238045523630589
CMC200,1.8,1.0,high_lambda_high_m,120,0.12380456520033217
CMC200,1.8,1.0,high_lambda_high_m,121,0.12380458578138046
CMC200,1.8,1.0,high_lambda_high_m,122,0.12380460326678175
CMC200,1.8,1.0,high_lambda_high_m,123,0.12380461800803977
CMC200,1.8,1.0,high_lambda_high_m,124,0.12380464123960135
CMC200,1.8,1.0,high_lambda_high_m,125,0.12380466102392246
CMC200,1.8,1.0,high_lambda_high_m,126,0.12380467654625234
CMC200,1.8,1.0,high_lambda_high_m,127,0.12380468844339108
CMC200,1.8,1.0,high_lambda_high_m,128,0.12380469715853591
CMC200,1.8,1.0,high_lambda_high_m,129,0.12380470299267435
CMC200,1.8,1.0,high_lambda_high_m,130,0.12380470613647886
CMC200,1.8,1.0,high_lambda_high_m,131,0.12380471222896226
CMC200,1.8,1.0,high_lambda_high_m,132,0.12380471643708527
CMC200,1.8,1.0,high_lambda_high_m,133,0.12380471882438142
CMC200,1.8,1.0,high_lambda_high_m,134,0.12380471942625543
CMC200,1.8,1.0,high_lambda_high_m,135,0.12380471825152298
CMC200,1.8,1.0,high_lambda_high_m,136,0.12380471446710486
CMC200,1.8,1.0,high_lambda_high_m,137,0.12380470795243638
CMC200,1.8,1.0,high_lambda_high_m,138,0.12380469943273442
CMC200,1.8,1.0,high_lambda_high_m,139,0.1238046887694583
CMC200,1.8,1.0,high_lambda_high_m,140,0.12380467466373367
CMC200,1.8,1.0,high_lambda_high_m,141,0.1238046565579413
CMC200,1.8,1.0,high_lambda_high_m,142,0.12380463365341259
CMC200,1.8,1.0,high_lambda_high_m,143,0.12380460479832807
CMC200,1.8,1.0,high_lambda_high_m,144,0.12380458622866232
CMC200,1.8,1.0,high_lambda_high_m,145,0.12380457486540376
CMC200,1.8,1.0,high_lambda_high_m,146,0.12380456917068465
CMC200,1.8,1.0,high_lambda_high_m,147,0.12380456154383385
CMC200,1.8,1.0,high_lambda_high_m,148,0.12380455907530344
CMC200,1.8,1.0,high_lambda_high_m,149,0.12380456148136558
CMC200,1.8,1.0,high_lambda_high_m,150,0.12380456903807303
CMC200,1.8,1.0,high_lambda_high_m,151,0.12380458268014301
CMC200,1.8,1.0,high_lambda_high_m,152,0.12380459396102013
CMC200,1.8,1.0,high_lambda_high_m,153,0.12380460307235144
CMC200,1.8,1.0,high_lambda_high_m,154,0.12380461016138344
CMC200,1.8,1.0,high_lambda_high_m,155,0.12380462321387886
CMC200,1.8,1.0,high_lambda_high_m,156,0.12380463394848477
CMC200,1.8,1.0,high_lambda_high_m,157,0.12380464254640827
CMC200,1.8,1.0,high_lambda_high_m,158,0.12380464914600986
CMC200,1.8,1.0,high_lambda_high_m,159,0.12380466158881792
CMC200,1.8,1.0,high_lambda_high_m,160,0.1238046717574465
CMC200,1.8,1.0,high_lambda_high_m,161,0.12380467982238967
CMC200,1.8,1.0,high_lambda_high_m,162,0.12380468505923363
CMC200,1.8,1.0,high_lambda_high_m,163,0.123804687637237
